cat_0,var_0,var_1,var_2,var_3,cat_1,var_4,var_5,var_6,time,memory
Pippo,51.10532017506889,9.38203803784168,24.149948022855344,0,Napoli,49,9,0,76.8371048,19.907481
Pluto,51.45170172909543,3.04696816414978,31.698426716896428,1,Bologna,12,16,0,77.33784461,19.908291
Paperino,38.99293218650726,28.3426354899042,11.641315104646418,1,Roma,30,27,0,77.92289448,19.905029
Pluto,3.657291060711008,28.444870441681747,4.771199076534129,1,Bologna,39,41,1,77.87203288,19.911564
